<?xml version="1.0" encoding="UTF-8"?>
<project-private xmlns="http://www.netbeans.org/ns/project-private/1">
    <editor-bookmarks xmlns="http://www.netbeans.org/ns/editor-bookmarks/2" lastBookmarkId="0"/>
    <open-files xmlns="http://www.netbeans.org/ns/projectui-open-files/2">
        <group>
            <file>file:/C:/Users/andr4/Documents/NetBeansProjects/ProjetoFarmaZyx_V4.1/src/data/RemediosDao.java</file>
            <file>file:/C:/Users/andr4/Documents/NetBeansProjects/ProjetoFarmaZyx_V4.1/src/view/TelaPesquisaTabela.java</file>
        </group>
    </open-files>
</project-private>
